<?xml version="1.0" encoding="UTF-8"?>
<project-private xmlns="http://www.netbeans.org/ns/project-private/1">
    <editor-bookmarks xmlns="http://www.netbeans.org/ns/editor-bookmarks/2" lastBookmarkId="0"/>
    <open-files xmlns="http://www.netbeans.org/ns/projectui-open-files/2">
        <group>
            <file>file:/C:/Users/Lab20703/OneDrive/Documents/Java/Quiz51022011/src/quiz51022003/SimpanBacaDataMahasiswa.java</file>
            <file>file:/C:/Users/Lab20703/OneDrive/Documents/Java/Quiz51022011/src/quiz51022003/Quiz51022003.java</file>
            <file>file:/C:/Users/Lab20703/OneDrive/Documents/Java/Quiz51022011/src/quiz51022003/Data_Kelulusan.java</file>
            <file>file:/C:/Users/Lab20703/OneDrive/Documents/Java/Quiz51022011/src/quiz51022003/Kelulusan.java</file>
            <file>file:/C:/Users/Lab20703/OneDrive/Documents/Java/Quiz51022011/src/quiz51022003/Data_Mahasiswa.java</file>
            <file>file:/C:/Users/Lab20703/OneDrive/Documents/Java/Quiz51022011/src/quiz51022003/Lihat_Nilai.java</file>
            <file>file:/C:/Users/Lab20703/OneDrive/Documents/Java/Quiz51022011/src/quiz51022003/Menu.java</file>
        </group>
    </open-files>
</project-private>
